Date,City,Country,Latitude,Longitude,MaxTemp,Humidity,Cloudiness,Wind Speed
1552677773,Rikitea,PF,-23.12,-134.97,76.36,100,88,26.62
1552677774,Ginir,ET,7.14,40.71,67.27,43,0,6.04
1552677604,Vestmannaeyjar,IS,63.44,-20.27,34.78,100,92,4.36
1552677175,Iqaluit,CA,63.75,-68.52,5.0,65,90,10.63
1552674600,Victoria,BN,5.28,115.24,78.8,83,75,2.24
1552677778,Qaanaaq,GL,77.48,-69.36,-16.25,100,32,5.59
1552677200,Punta Arenas,CL,-53.16,-70.91,55.4,76,75,16.11
1552677392,Busselton,AU,-33.64,115.35,63.0,62,8,15.88
1552677415,Hermanus,ZA,-34.42,19.24,78.01,85,0,10.0
1552677783,Uyuni,BO,-20.46,-66.82,68.35,7,0,12.75
1552677333,Cape Town,ZA,-33.93,18.42,78.01,82,0,11.41
1552677608,Esperance,TT,10.24,-61.45,89.6,52,40,11.41
1552676400,Akureyri,IS,65.68,-18.09,33.8,74,75,6.93
1552677626,Lavrentiya,RU,65.58,-170.99,11.02,100,80,15.99
1552677790,Aykhal,RU,65.95,111.51,15.43,79,80,3.47
1552677618,Saint-Philippe,CA,45.36,-73.48,48.99,57,90,20.8
1552672800,Samana,EC,0.12,-76.97,80.6,74,75,5.82
1552677005,Mataura,NZ,-46.19,168.86,48.99,92,0,2.91
1552672800,Praia,BR,-20.25,-43.81,91.4,41,40,9.17
1552674600,Avarua,CK,-21.21,-159.78,80.6,83,56,25.28
1552677575,Hasaki,JP,35.73,140.83,41.0,75,20,3.36
1552677776,Rocha,UY,-34.48,-54.34,73.48,78,68,13.53
1552676400,Geraldton,CA,49.72,-86.95,17.6,78,90,10.29
1552677801,Marsabit,KE,2.34,37.99,78.07,62,0,6.26
1552677489,Hithadhoo,MV,-0.6,73.08,83.83,100,88,7.05
1552676400,Hofn,IS,64.25,-15.21,35.6,74,75,10.29
1552672800,Marsa Matruh,EG,31.35,27.25,59.0,62,20,11.41
1552677505,Sao Filipe,CV,14.9,-24.5,75.1,80,0,17.11
1552677505,Kapaa,US,22.08,-159.32,75.2,78,40,4.7
1552677600,Upernavik,GL,72.79,-56.15,-1.94,100,48,13.87
1552677809,Indramayu,ID,-4.05,103.78,67.09,97,88,2.35
1552677594,Cherskiy,RU,68.75,161.3,-24.17,36,32,4.59
1552672800,Ushuaia,AR,-54.81,-68.31,57.2,58,75,20.8
1552677564,Mar del Plata,AR,-46.43,-67.52,67.27,59,36,10.18
1552676400,Pointe-Noire,CG,-4.8,11.85,84.2,89,40,6.93
1552677244,Mahebourg,MU,-20.41,57.7,78.01,88,20,6.93
1552674600,Ribeira Grande,PT,38.52,-28.7,62.6,77,20,11.41
1552672800,Castro,CL,-42.48,-73.76,69.8,49,0,11.41
1552677408,Terrace,CA,54.52,-128.61,39.99,93,90,3.36
1552675800,San Vicente,SV,13.64,-88.78,89.6,55,40,9.17
1552672800,Tuktoyaktuk,CA,69.44,-133.03,5.0,77,90,11.41
1552677027,Marbella,ES,36.51,-4.89,64.0,63,0,3.36
1552677481,Port Elizabeth,US,39.31,-74.98,75.99,53,75,18.34
1552677603,Carnarvon,ZA,-30.97,22.13,79.78,28,92,8.28
1552677806,Otradnoye,RU,59.77,30.8,36.0,94,40,15.66
1552677547,Mnogovershinnyy,RU,53.94,139.92,5.98,79,0,1.9
1552677581,Fairbanks,US,64.84,-147.72,28.0,78,40,5.82
1552677834,Baykit,RU,61.68,96.39,29.38,91,80,4.47
1552672200,Salalah,OM,17.01,54.1,77.0,73,40,6.93
1552672200,Saint George,GR,39.45,22.34,46.4,81,20,2.91
1552677839,Horki,BY,54.29,30.98,35.95,75,0,15.88
1552677444,Albany,US,42.65,-73.75,70.0,59,90,5.82
1552677543,Grand Gaube,MU,-20.01,57.66,78.01,88,20,6.93
1552677843,Gweta,BW,-20.21,25.26,83.65,28,0,13.09
1552672800,Bonfim,BR,-20.33,-44.24,91.4,41,40,9.17
1552677846,Nieves,MX,24.0,-103.02,71.77,34,44,6.82
1552677256,Hobart,AU,-42.88,147.33,53.6,87,20,8.05
1552675800,Siilinjarvi,FI,63.08,27.67,33.8,91,90,8.05
1552677849,Kem,UG,2.68,33.77,82.21,35,0,13.09
1552676528,Henties Bay,NA,-22.12,14.28,62.01,91,0,5.99
1552677054,Hirado,JP,33.32,129.49,48.0,49,48,7.0
1552677854,Winslow,GB,51.94,-0.88,54.0,76,40,11.41
1552677326,Santa Marta,CO,11.24,-74.21,87.8,62,20,6.93
1552677466,Vaini,IN,15.34,74.49,69.7,76,0,2.35
1552677858,Baherden,TM,38.44,57.43,54.49,89,80,3.13
1552672800,East London,ZA,-33.02,27.91,73.4,100,75,6.93
1552672800,Aswan,EG,24.09,32.9,71.6,17,0,5.82
1552677406,Atuona,PF,-9.8,-139.03,82.3,100,8,15.21
1552677515,Saint-Pierre,FR,48.95,4.24,53.6,93,90,24.16
1552677863,Tchaourou,BJ,8.89,2.6,93.73,37,48,3.02
1552677737,Stephenville,US,32.22,-98.2,57.99,20,1,16.11
1552677347,Port Alfred,ZA,-33.59,26.89,72.0,96,88,1.01
1552677867,Matay,EG,28.42,30.79,62.77,27,0,9.73
1552677427,Lagoa,PT,37.14,-8.45,66.2,42,0,2.24
1552676400,Manaus,BR,-3.13,-59.98,77.0,94,75,6.93
1552677871,Kaitangata,NZ,-46.28,169.85,42.7,77,0,3.69
1552677701,Ponta do Sol,BR,-20.63,-46.0,80.77,93,12,4.81
1552672800,Birjand,IR,32.86,59.22,57.2,33,75,13.87
1552677875,Agirish,RU,61.92,63.02,21.46,69,88,11.41
1552677357,Puerto Ayora,EC,-0.74,-90.35,80.6,69,0,10.29
1552677376,Emba,CY,34.81,32.42,59.0,72,40,13.87
1552677844,Cap Malheureux,MU,-19.98,57.61,77.0,88,20,6.93
1552677505,Nikolskoye,RU,59.7,30.79,36.0,94,40,15.66
1552677171,Yellowknife,CA,62.45,-114.38,19.99,78,90,6.93
1552677496,New Norfolk,AU,-42.78,147.06,53.6,87,20,8.05
1552676160,Bethel,US,60.79,-161.76,19.4,79,1,4.7
1552674600,Cayenne,GF,4.94,-52.33,86.0,62,40,13.87
1552674600,Kununurra,AU,-15.77,128.74,77.0,94,40,3.13
1552672800,Broken Hill,AU,-31.97,141.45,60.8,31,0,4.7
1552677889,Mirabela,BR,-16.25,-44.16,92.83,46,0,3.13
1552672800,Thompson,CA,55.74,-97.86,6.8,65,20,2.24
1552677488,Cidreira,BR,-30.17,-50.22,79.87,78,0,9.4
1552677803,Ahipara,NZ,-35.17,173.16,64.99,100,92,5.14
1552677848,Abilene,US,32.45,-99.73,54.0,23,1,16.11
1552677896,Oum Hadjer,TD,13.3,19.7,85.36,20,36,8.16
1552672800,Coihaique,CL,-45.58,-72.07,66.2,45,0,8.05
1552676400,Luanda,AO,-8.83,13.24,82.4,83,75,9.17
1552676400,Arraial do Cabo,BR,-22.97,-42.02,86.0,79,40,10.29
1552677675,Tiznit,MA,29.7,-9.73,68.98,75,32,3.47
1552677902,Kavieng,PG,-2.57,150.8,75.55,100,92,12.19
1552676160,Juneau,US,58.3,-134.42,37.4,93,90,13.87
1552677727,Santa Rosa,AR,-36.62,-64.29,65.83,95,92,9.62
1552677487,Severo-Kurilsk,RU,50.68,156.12,24.43,100,80,11.63
1552676400,Dakar,SN,14.69,-17.45,86.0,53,0,6.93
1552677573,Hilo,US,19.71,-155.08,75.99,60,1,6.93
1552677457,Moree,AU,-29.46,149.84,71.6,64,76,6.93
1552676400,La Ronge,CA,55.1,-105.3,28.4,50,75,5.82
1552677722,Lompoc,US,34.64,-120.46,68.0,31,1,3.36
1552677662,Southampton,GB,50.9,-1.4,54.0,76,75,12.75
1552675800,Tasiilaq,GL,65.61,-37.64,17.6,78,20,6.93
1552677714,Harper,US,30.3,-99.24,55.99,34,90,9.17
1552677817,Lancut,PL,50.07,22.23,45.0,70,0,10.29
1552677902,Ahuimanu,US,21.44,-157.84,77.0,57,20,10.29
1552677923,Jining,CN,35.41,116.58,44.68,42,0,11.97
1552677924,Pedro II,BR,-4.43,-41.45,78.97,96,88,3.69
1552677347,Sitka,US,37.17,-99.65,46.99,38,0,4.0
1552677926,Bukachacha,RU,52.99,116.91,8.95,64,0,4.7
1552677415,Bredasdorp,ZA,-34.53,20.04,73.4,88,48,13.87
1552677271,Jamestown,AU,-33.21,138.6,49.09,82,0,6.26
1552677920,North Bend,US,43.41,-124.22,55.0,93,1,4.7
1552675800,Ilulissat,GL,69.22,-51.1,6.8,50,90,12.75
1552677474,Chokurdakh,RU,70.62,147.9,-21.92,32,64,3.36
1552677761,Suez,EG,29.97,32.54,62.5,26,0,7.16
1552674600,Velur,IN,10.64,76.16,80.6,78,0,2.24
1552677779,Obertyn,UA,48.7,25.17,43.0,69,75,6.71
1552676400,Dawson Creek,CA,55.76,-120.23,37.4,47,1,11.41
1552677939,Mwense,ZM,-10.39,28.7,64.66,96,32,2.13
1552675800,Talas,TR,38.69,35.55,45.0,65,75,8.05
1552677942,Atambua,ID,-9.11,124.89,77.53,100,80,3.02
1552677944,Velyka Bahachka,UA,49.79,33.72,31.18,89,44,3.69
1552676760,Havre-Saint-Pierre,CA,50.23,-63.6,33.8,96,90,11.41
1552677948,Tessalit,ML,20.2,1.01,81.76,14,0,3.36
1552677949,Plettenberg Bay,ZA,-34.05,23.37,71.23,90,0,21.25
1552677950,Khash,IR,28.22,61.21,50.35,55,8,11.97
1552677501,Key West,US,47.93,-96.78,30.0,58,40,17.22
1552677953,Shieli,KZ,44.18,66.74,41.8,43,0,11.74
1552677910,Wonthaggi,AU,-38.6,145.59,59.0,90,0,5.82
1552675800,Mehamn,NO,71.03,27.85,33.8,86,75,12.75
1552677956,Tokur,RU,53.13,132.9,6.07,73,20,2.35
1552672800,Mount Gambier,AU,-37.83,140.78,50.0,93,0,6.93
1552677959,Talnakh,RU,69.49,88.39,-1.4,67,44,4.14
1552677960,Wukari,NG,7.87,9.78,92.74,31,20,4.59
1552677961,Iskateley,RU,67.68,53.15,14.35,72,44,13.98
1552677962,Bela,PK,26.23,66.31,60.07,55,76,2.8
1552677958,Flinders,AU,-34.58,150.85,71.01,100,40,9.17
1552676400,Manado,ID,1.49,124.85,73.4,100,40,1.79
1552677966,Lorengau,PG,-2.02,147.27,83.56,95,88,12.75
1552677967,Tecoanapa,MX,16.99,-99.26,83.56,63,36,4.14
1552677907,Chuy,UY,-33.69,-53.46,75.01,86,48,13.87
1552677959,Candido Mota,BR,-22.75,-50.39,88.42,67,12,6.6
1552677972,Xuddur,SO,4.12,43.89,82.03,34,0,9.28
1552676400,Camacha,PT,33.08,-16.33,62.6,67,20,5.82
1552677598,Bluff,AU,-23.58,149.07,67.27,98,92,4.7
1552677975,Alvand,IR,36.19,50.06,42.43,83,36,2.68
1552672800,Georgetown,GY,6.8,-58.16,87.8,74,40,16.11
1552677964,Ostrow Wielkopolski,PL,51.66,17.81,48.0,73,92,10.0
1552677663,Tiksi,RU,71.64,128.87,-24.62,36,12,2.57
1552677339,Cedar City,US,37.68,-113.06,37.0,55,1,2.57
1552677982,Port Blair,IN,11.67,92.75,82.3,100,0,7.72
1552677920,Wisconsin Rapids,US,44.39,-89.82,37.4,59,90,23.04
1552677599,Kieta,PG,-6.22,155.63,75.73,100,76,2.35
1552677985,Tierralta,CO,8.17,-76.06,92.47,67,0,5.82
1552677356,Seddon,NZ,-41.67,174.07,64.0,88,92,7.94
1552677989,Kiunga,PG,-6.12,141.3,72.22,95,92,1.79
1552677990,Arlit,NE,18.74,7.39,80.23,42,0,3.8
1552677992,Verkhnevilyuysk,RU,63.45,120.31,-3.2,61,36,2.68
1552677994,Gobabis,NA,-22.45,18.97,80.41,28,88,7.16
1552677997,Udachnyy,RU,66.42,112.4,16.78,85,80,3.47
1552675800,Longyearbyen,NO,78.22,15.63,3.2,71,40,10.29
1552678000,Beyneu,KZ,45.32,55.19,38.2,48,80,14.43
1552677555,Pevek,RU,69.7,170.27,-29.75,48,8,0.0
1552678003,Frontera Comalapa,MX,15.66,-92.14,79.87,56,32,1.57
1552678005,Zaraza,VE,9.35,-65.33,96.16,33,32,9.17
1552677603,Santa Cruz de la Palma,ES,28.68,-17.76,66.2,72,40,9.17
1552672800,Brokopondo,SR,5.06,-54.98,82.4,78,40,8.05
1552678009,Corn Island,NI,12.17,-83.04,79.87,100,56,15.88
1552677618,Khelyulya,RU,61.73,30.68,35.01,84,88,1.99
1552677906,Maracas,TT,10.76,-61.44,89.6,52,40,11.41
1552678012,Sinnamary,GF,5.38,-52.96,82.3,87,76,10.74
1552677535,Kodiak,US,39.95,-94.76,48.0,49,1,18.34
1552677615,Guerrero Negro,MX,27.97,-114.04,65.92,42,0,1.45
1552678016,Yar-Sale,RU,66.83,70.83,9.4,77,68,8.84
1552677497,Butaritari,KI,3.07,172.79,81.58,100,80,15.21
1552677634,San Patricio,PY,-26.98,-56.83,83.92,71,88,3.58
1552677774,Naron,ES,43.52,-8.15,54.0,81,0,3.36
1552675320,Laguna,MX,27.52,-110.01,71.6,28,5,6.93
1552677600,Vestmanna,FO,62.16,-7.17,37.4,86,92,8.05
1552678023,Savannah Bight,HN,16.45,-85.85,81.94,88,0,17.67
1552677922,Te Anau,NZ,-45.41,167.72,33.16,84,0,2.35
1552678027,Vytegra,RU,61.01,36.45,32.08,88,88,14.76
1552678028,Padang,ID,-0.92,100.36,81.85,100,8,2.24
1552678030,Mopti,ML,14.49,-4.19,93.55,23,0,6.15
1552677507,Khatanga,RU,71.98,102.47,-5.45,69,44,7.94
1552672800,Coquimbo,CL,-29.95,-71.34,62.6,77,90,10.29
1552677633,Dudinka,RU,69.41,86.18,-1.58,69,32,3.36
1552678002,Clarence Town,AU,-32.59,151.78,70.0,93,90,6.93
1552676400,Eenhana,NA,-17.48,16.34,87.8,27,12,1.12
1552677907,Eureka,US,40.8,-124.16,59.0,81,1,5.82
1552677907,Lazaro Cardenas,MX,28.39,-105.62,60.8,29,75,13.87
1552678040,Mankono,CI,8.06,-6.19,89.14,56,76,3.13
1552677600,Klaksvik,FO,62.23,-6.59,37.4,86,92,8.05
1552678043,Gohand,IN,25.7,79.54,69.52,38,0,8.16
1552677600,Bulqize,AL,41.49,20.22,46.4,75,0,1.79
1552672200,Mata,CU,22.63,-79.93,80.6,57,75,10.29
1552678027,Chatellerault,FR,46.8,0.53,54.0,87,90,10.29
1552676280,Del Rio,US,29.36,-100.9,57.2,35,90,4.7
1552678049,Araouane,ML,18.9,-3.53,84.55,14,12,2.91
1552677416,Marawi,PH,8.0,124.29,72.0,87,24,5.99
1552678051,Kutum,SD,14.2,24.66,72.58,18,20,10.96
1552678054,Viesite,LV,56.35,25.56,40.18,98,92,10.63
1552677893,Albertville,FR,45.68,6.39,51.8,71,75,8.05
1552676400,Mundo Nuevo,CL,-32.72,-71.41,64.4,72,0,13.87
1552677844,Flic en Flac,MU,-20.27,57.36,77.0,88,20,6.93
1552678059,Ciudad Bolivar,VE,8.12,-63.55,96.16,36,32,12.86
1552677653,Kulhudhuffushi,MV,6.62,73.07,83.83,100,0,6.26
1552678061,La Rioja,AR,-29.41,-66.86,68.08,99,92,12.41
1552678062,Okhotsk,RU,59.36,143.24,6.79,100,76,5.26
1552678063,Barabai,ID,-2.59,115.38,73.21,96,64,2.13
1552677666,Karratha,AU,-20.74,116.85,79.06,63,8,4.14
1552677904,Puerto Madero,AR,-34.61,-58.36,78.01,78,75,20.8
1552674600,Mount Isa,AU,-20.73,139.49,69.8,37,0,5.82
1552677017,Constitucion,MX,23.99,-104.67,64.99,25,90,4.7
1552677580,Provideniya,RU,64.42,-173.23,15.52,100,24,21.36
1552672800,Manicore,BR,-5.81,-61.3,93.2,56,40,8.05
1552677637,Makakilo City,US,21.35,-158.09,77.0,60,1,6.93
1552677649,Nome,US,30.04,-94.42,64.0,79,75,11.41
1552677921,Cabo San Lucas,MX,22.89,-109.91,75.99,53,75,13.87
1552677677,Marystown,CA,47.17,-55.16,39.99,100,20,10.96
1552676400,Imbituba,BR,-28.24,-48.67,80.6,65,75,9.17
1552677392,Dunedin,NZ,-45.87,170.5,54.0,94,0,2.8
1552678080,Nanortalik,GL,60.14,-45.24,23.62,100,0,8.95
1552677499,Portland,US,45.52,-122.67,57.0,57,1,4.7
1552678050,Cisarua,ID,-6.67,106.94,79.0,88,20,3.36
1552677565,Buala,SB,-8.15,159.59,80.23,95,48,5.14
1552677910,Big Spring,US,32.25,-101.48,53.6,27,1,8.05
1552678086,Goderich,CA,43.74,-81.71,39.99,79,92,5.01
1552678011,Necochea,AR,-38.55,-58.74,75.99,65,88,5.99
1552678088,Lodwar,KE,3.12,35.6,85.0,38,0,12.41
1552677600,Finnsnes,NO,69.23,17.98,26.6,86,75,5.82
1552678091,Guiratinga,BR,-16.35,-53.76,83.38,100,56,2.68
1552677503,Hualmay,PE,-11.1,-77.61,78.97,68,8,5.37
1552678094,Saldanha,PT,41.42,-6.55,62.77,31,0,3.13
1552677904,Rancho Palos Verdes,US,33.75,-118.37,73.99,19,20,5.59
1552678098,Zhangye,CN,38.94,100.46,26.77,64,0,9.51
1552676400,Skibbereen,IE,51.55,-9.27,46.4,100,75,9.17
1552677967,Campbellford,CA,44.31,-77.8,44.6,75,90,17.22
1552678089,Peterhead,AU,-34.83,138.5,66.99,76,0,6.93
1552677541,Dikson,RU,73.51,80.55,-2.57,85,0,5.03
1552676400,Pangnirtung,CA,66.15,-65.72,-4.01,64,40,2.24
1552678105,Airai,TL,-8.93,125.41,69.7,78,76,2.01
1552677945,Husavik,CA,50.56,-96.99,26.01,67,8,5.99
1552677604,Tuatapere,NZ,-46.13,167.69,48.99,92,0,6.6
1552678108,Dingle,PH,11.0,122.67,75.64,88,36,11.07
1552678030,Souillac,FR,45.6,-0.6,53.01,93,90,8.05
1552672800,Pisco,PE,-13.71,-76.2,71.6,30,0,9.17
1552678113,Manjacaze,MZ,-24.71,33.88,75.73,84,88,10.07
1552678114,Pacifica,US,37.61,-122.49,64.99,51,1,6.93
1552677533,Barrow,AR,-38.31,-60.23,66.82,100,92,13.98
1552678116,Vao,EE,59.1,26.19,35.14,95,8,11.07
1552677769,Nuuk,GL,64.17,-51.74,15.8,72,75,10.29
1552678119,Pedernales,EC,0.07,-80.05,84.64,91,24,4.25
1552677999,Kihei,US,20.76,-156.45,75.2,73,20,11.41
1552678119,Palatka,US,29.65,-81.64,87.01,45,20,10.29
1552678126,Panguna,PG,-6.32,155.48,72.76,90,0,2.91
1552677733,Pacific Grove,US,36.62,-121.92,66.99,45,1,5.82
1552678128,Yerbogachen,RU,61.28,108.01,27.22,90,68,5.93
1552678068,Cockburn Town,TC,21.46,-71.14,73.84,100,88,20.02
1552677876,Banda Aceh,ID,5.56,95.32,74.56,97,12,1.79
1552678131,Tamsalu,EE,59.16,26.11,35.14,95,8,11.07
1552677916,Munster,DE,52.99,10.09,48.2,65,20,21.92
1552678064,Codrington,AU,-28.95,153.24,68.0,94,90,3.36
1552678135,Burgeo,CA,47.61,-57.61,32.08,93,32,13.65
1552678136,Kruisfontein,ZA,-34.0,24.73,68.71,85,36,16.22
1552678137,Ordynskoye,RU,54.37,81.9,32.53,86,36,12.64
1552674600,Akdepe,TM,42.05,59.39,53.6,24,0,13.87
1552678119,Plattsburgh,US,44.69,-73.46,60.01,54,40,9.17
1552677803,Kaeo,NZ,-35.1,173.78,64.99,100,92,6.15
1552676642,Banff,CA,51.18,-115.57,33.01,55,20,8.99
1552678143,Bowen,AU,-20.01,148.25,78.01,94,40,4.7
1552678144,Bakel,SN,14.9,-12.46,97.87,15,0,4.7
1552676400,Buraydah,SA,26.33,43.97,62.6,42,0,8.05
1552673400,Hambantota,LK,6.12,81.12,77.0,94,20,3.36
1552677608,Hachinohe,JP,40.47,141.48,36.0,74,56,9.28
1552678151,Kungurtug,RU,50.6,97.53,4.9,61,0,2.46
1552678152,Aksarka,RU,66.56,67.8,-7.52,31,0,2.68
1552678060,Santana do Livramento,BR,-30.89,-55.53,81.85,70,0,4.92
1552672800,Agadez,NE,16.97,7.99,86.0,13,0,18.34
1552678156,Tadine,NC,-21.55,167.88,77.98,100,48,9.4
1552678158,Staryy Nadym,RU,65.61,72.68,11.47,82,56,13.42
1552678117,Jaroslaw,PL,50.02,22.68,43.0,70,0,13.87
1552678160,Richards Bay,ZA,-28.77,32.06,75.64,85,36,5.7
1552672800,Bathsheba,BB,13.22,-59.52,84.2,62,75,17.22
1552672800,Rio Grande,BR,-32.03,-52.1,84.2,45,20,9.17
1552678165,Maumere,ID,-8.63,122.22,80.86,100,92,2.8
1552678166,Gazli,UZ,40.13,63.45,57.1,51,56,3.58
1552678167,Namatanai,PG,-3.66,152.44,78.34,100,80,13.42
1552678169,San Andres,PH,13.32,122.68,80.23,100,12,8.61
1552677339,Praia da Vitoria,PT,38.73,-27.07,64.4,63,20,15.1
1552675800,Suruc,TR,36.98,38.42,46.4,100,75,13.87
1552677600,Havoysund,NO,71.0,24.66,33.8,79,75,4.7
1552678173,Siavonga,ZW,-16.54,28.71,85.18,52,80,14.76
1552678175,Coahuayana,MX,18.62,-100.35,84.37,29,0,3.02
1552676400,Port-Gentil,GA,-0.72,8.78,80.6,94,40,3.36
1552677937,Nanakuli,US,21.39,-158.15,77.0,73,75,6.93
1552674600,Cam Ranh,VN,11.92,109.15,80.6,78,20,5.82
1552678179,Sirjan,IR,29.44,55.67,49.0,65,76,8.61
1552676400,Iralaya,HN,15.0,-83.23,87.8,66,40,10.29
1552677962,Los Llanos de Aridane,ES,28.66,-17.92,66.2,72,40,9.17
1552678132,Buffalo,US,42.89,-78.88,46.4,75,90,28.86
1552678184,Livingstonia,MW,-10.61,34.11,74.2,85,8,1.9
1552678186,Oyem,GA,1.6,11.57,74.38,92,44,2.01
1552678145,Anderson,US,34.51,-82.65,64.4,87,90,9.17
1552678188,Vanavara,RU,60.35,102.28,30.82,90,92,6.6
1552678189,Tezu,IN,27.93,96.16,55.03,97,92,1.34
1552677796,Anadyr,RU,64.73,177.51,3.2,84,90,4.47
1552676400,Fez,MA,34.03,-5.02,68.0,48,0,3.36
1552676400,Puerto del Rosario,ES,28.5,-13.86,69.8,88,0,9.17
1552678195,Palu,ID,-0.9,119.87,64.57,95,56,1.68
1552675980,Saint Anthony,US,43.97,-111.68,37.4,43,1,9.17
1552678198,Bilibino,RU,68.06,166.44,-17.33,47,76,2.57
1552678200,Trairi,BR,-3.28,-39.27,79.42,100,20,3.02
1552678201,Yanam,IN,16.73,82.22,72.63,80,0,1.92
1552677850,Beeville,US,28.4,-97.75,64.4,25,90,14.99
1552676100,Karachi,PK,24.87,67.03,73.4,40,0,11.41
1552678107,Caravelas,BR,-17.73,-39.27,84.01,100,24,15.1
1552678207,Muroto,JP,33.37,134.14,45.54,100,8,16.35
1552678025,Soderhamn,SE,61.3,17.06,32.0,95,88,1.01
1552677398,Calama,CL,-22.46,-68.93,77.0,17,0,24.16
1552672800,Ancud,CL,-41.87,-73.83,69.8,49,0,11.41
1552674600,Anapskaya,RU,44.9,37.38,44.01,100,56,2.24
1552677812,Torbay,CA,47.66,-52.73,37.0,64,75,14.99
1552674600,Alice Springs,AU,-23.7,133.88,66.2,25,12,8.19
1552678217,Arman,RU,59.7,150.17,-9.41,64,24,3.83
1552678218,Jalu,LY,29.03,21.55,57.78,58,0,12.77
1552678220,Melo,UY,-32.37,-54.17,77.85,70,48,8.19
1552678222,Leningradskiy,RU,69.38,178.42,-13.06,81,68,7.29
1552678092,Pleasanton,US,37.66,-121.87,66.0,51,1,4.7
1552678224,Zharkent,KZ,44.17,80.0,23.89,70,20,2.59
1552678226,Kulachi,PK,31.93,70.46,43.92,77,36,2.93
1552678218,Murray Bridge,AU,-35.12,139.28,66.99,96,0,7.18
1552674600,Dwarka,IN,28.58,77.04,64.4,77,0,8.05
1552678229,Kodinsk,RU,58.6,99.18,26.77,92,0,5.17
1552675680,Villa Corzo,MX,16.19,-93.27,93.2,36,40,4.7
1552678226,Port Hawkesbury,CA,45.62,-61.36,43.0,86,75,10.29
1552678074,Mutare,MZ,-18.97,32.67,66.55,98,92,3.8
1552674600,Port Hedland,AU,-20.31,118.58,89.6,46,0,8.05
1552678218,Mareeba,AU,-16.99,145.42,75.2,94,12,3.04
1552678209,Hervey Bay,AU,-25.3,152.85,71.01,100,40,2.24
1552678238,Yumen,CN,40.29,97.04,27.09,54,0,6.06
1552676400,La Asuncion,EC,-1.64,-78.74,66.2,77,75,2.24
1552677707,Maniitsoq,GL,65.42,-52.9,6.07,95,20,3.24
1552678241,Tingi,TZ,-11.3,35.03,78.16,100,0,3.38
1552674600,Abrau-Dyurso,RU,44.7,37.6,44.01,100,92,2.24
1552678171,San Vicente de Canete,PE,-13.08,-76.38,74.2,77,12,4.7
1552678189,Houston,US,29.76,-95.37,63.0,25,40,11.41
1552678246,Sheltozero,RU,61.37,35.37,30.6,86,44,13.56
1552677245,Port Macquarie,AU,-31.43,152.91,70.0,82,40,8.05
1552678206,Pillaro,EC,-1.17,-78.53,69.8,77,75,2.24
1552678249,Jawhar,IN,19.91,73.23,59.44,77,0,2.37
1552678217,Innisfail,CA,52.02,-113.95,37.0,55,40,8.05
1552678252,Aksha,RU,50.28,113.29,19.53,72,0,7.96
1552678253,Luocheng,CN,28.29,114.55,49.5,79,64,2.93
1552677712,Shingu,JP,33.72,135.99,49.27,100,68,11.41
1552678255,Dhrangadhra,IN,22.99,71.47,63.49,37,0,6.51
1552678257,Chabahar,IR,25.29,60.65,70.83,97,68,6.4
1552678212,Kensington,CA,46.44,-63.64,42.01,86,90,25.28
1552678260,Dali,CN,25.6,100.24,43.92,100,0,1.81
1552676400,Khorramshahr,IR,30.43,48.18,66.2,52,0,2.24
1552675800,Honningsvag,NO,70.98,25.97,33.8,86,75,8.05
1552678263,Umm Lajj,SA,25.02,37.27,59.26,100,0,7.4
1552678031,Rome,IT,41.89,12.48,57.2,87,0,3.36
1552678264,Broome,GB,52.47,1.45,52.0,66,0,13.87
1552677958,Morro Bay,US,35.37,-120.85,69.8,19,1,10.29
1552678200,Carrick-on-Suir,IE,52.35,-7.41,48.99,87,92,1.99
1552678270,Fujin,CN,47.24,132.03,13.05,71,0,4.83
1552678272,Beringovskiy,RU,63.05,179.32,4.27,86,76,20.94
1552678206,Filotion,GR,37.05,25.5,55.0,71,48,16.11
1552678274,Rawson,AR,-43.3,-65.11,64.66,97,92,7.74
1552678267,Siderno,IT,38.28,16.3,55.99,82,40,5.82
1552677670,Katsuura,JP,33.93,134.5,42.8,81,75,5.82
1552678278,Gao,ML,16.28,-0.04,81.81,26,0,9.86
1552678279,Lebu,ET,8.96,38.73,54.18,58,0,6.4
1552678280,Kondinskoye,RU,59.65,67.41,21.96,79,80,14.79
1552676400,Norman Wells,CA,65.28,-126.83,14.0,66,75,6.93
1552678143,Bambous Virieux,MU,-20.34,57.76,77.0,88,20,6.93
1552678284,Kuandian,CN,40.73,124.78,15.57,66,68,2.48
1552674900,Yulara,AU,-25.24,130.99,69.8,52,90,2.71
1552678286,Ushtobe,KZ,45.25,77.98,44.91,71,56,5.73
1552678090,Clovis,US,36.83,-119.7,64.99,42,1,4.36
1552678288,San Benito,CO,6.13,-73.51,67.14,96,76,2.37
1552678290,Vanimo,PG,-2.67,141.3,81.18,100,68,18.92
1552678291,Novoagansk,RU,61.94,76.66,33.52,95,92,5.06
1552678292,Madaoua,NE,14.07,5.96,85.23,19,68,10.65
1552678293,Podyuga,RU,61.09,40.86,29.88,93,92,16.24
1552678294,Tabou,CI,4.42,-7.36,84.96,94,0,8.75
1552676400,Ljubinje,BA,42.95,18.09,50.0,61,40,5.82
1552677734,Saskylakh,RU,71.97,114.09,1.03,70,80,8.61
1552678267,Melito di Porto Salvo,IT,37.92,15.77,57.0,76,20,9.17
1552678300,Fare,PF,-16.7,-151.02,81.63,100,80,3.15
1552678302,Kanniyakumari,IN,8.08,77.57,83.11,100,0,12.66
1552678215,Capoterra,IT,39.18,8.97,57.99,71,20,23.04
1552678304,Suntar,RU,62.16,117.65,14.71,91,80,2.71
1552678305,Sibenik,HR,45.81,17.18,50.89,46,64,6.85
1552678205,Porto Belo,BR,-27.15,-48.54,81.0,61,0,9.17
1552678010,Fort Payne,US,34.44,-85.72,64.4,44,1,18.34
1552678309,Itarema,BR,-2.92,-39.92,79.69,92,44,3.38
1552678010,Chapeco,BR,-27.1,-52.62,80.6,88,75,4.7
1552678215,Santa Fe,AR,-31.62,-60.7,87.01,42,12,4.0
1552677726,Nizip,TR,37.01,37.79,46.4,87,75,8.05
1552676400,Port Hardy,CA,50.7,-127.42,46.4,75,90,18.34
1552678304,Peniche,PT,39.36,-9.38,66.2,82,0,4.7
1552678202,Whitehorse,CA,60.72,-135.06,32.0,58,75,16.11
1552678318,Maine-Soroa,NE,13.21,12.02,82.8,18,20,12.66
1552678320,Kerema,PG,-7.96,145.78,71.28,100,92,5.73
1552678321,San Quintin,PH,17.54,120.52,66.06,89,0,3.04
1552678322,Awjilah,LY,29.14,21.3,57.19,66,12,12.66
1552678323,Luderitz,NA,-26.65,15.16,61.06,96,44,8.19
1552678324,Solntsevo,RU,53.34,40.13,26.82,93,92,12.33
1552678326,Urucara,BR,-2.54,-57.76,84.6,76,32,3.71
1552676400,Matara,PE,-13.74,-72.9,53.6,87,90,16.11
1552678328,Omaruru,NA,-21.42,15.95,76.36,30,68,5.84
1552678329,Wadi Musa,JO,30.32,35.48,51.39,51,20,3.71
1552678330,Cassilandia,BR,-19.11,-51.73,83.16,77,32,3.94
1552678332,Srandakan,ID,-7.94,110.25,70.29,100,92,3.15
1552678333,Manggar,ID,-2.88,108.27,75.24,100,12,4.94
1552675980,Ketchikan,US,55.34,-131.65,41.0,93,90,14.99
1552678335,Oga,NG,8.18,5.65,81.9,52,36,7.07
1552678149,Raymond,US,43.04,-71.18,64.0,77,40,10.29
1552678338,Dosso,NE,13.05,3.19,82.17,26,0,7.63
1552676400,Aklavik,CA,68.22,-135.01,8.6,60,40,2.24
1552676400,Padilla,CO,3.23,-76.31,86.0,48,75,4.7
1552678341,Karema,TZ,-6.82,30.44,69.52,75,8,3.38
1552677600,Hammerfest,NO,70.66,23.68,28.4,79,75,4.7
1552675800,Kloulklubed,PW,7.04,134.26,75.2,94,90,9.19
1552678217,Hellin,ES,38.51,-1.7,62.6,27,0,2.59
1552678328,Sarrebourg,FR,48.73,7.05,55.4,93,75,21.92
1552678285,Varhaug,NO,58.61,5.65,39.99,93,40,5.82
1552678349,Khandyga,RU,62.65,135.58,-2.84,72,32,2.59
1552678296,Collie,AU,-33.36,116.15,61.0,62,92,9.64
1552678352,Bandarbeyla,SO,9.49,50.81,78.07,100,92,4.16
1552678353,Usinsk,RU,66.0,57.56,-2.66,60,0,5.61
1552678355,Oeiras,BR,-7.01,-42.13,79.65,90,88,3.04
1552678268,Sulphur Springs,US,33.14,-95.6,59.0,32,1,19.46
1552678357,Ratholo,BW,-22.72,27.57,73.98,52,0,11.65
1552678358,Zhezkazgan,KZ,47.8,67.71,11.29,74,0,3.94
1552676400,Cabedelo,BR,-6.97,-34.84,84.2,70,20,11.41
1552678361,Novonikolayevskaya,RU,45.59,38.37,40.23,97,88,7.63
1552678362,Qinzhou,CN,21.96,108.62,61.02,99,92,5.28
1552678212,Shimoda,JP,34.7,138.93,44.01,70,92,12.33
1552678236,Ulladulla,AU,-35.36,150.48,69.01,100,90,10.29
1552678304,Fatezh,RU,52.09,35.86,30.2,100,90,11.18
1552678351,White Rock,CA,49.02,-122.8,55.99,76,1,4.7
1552678323,Roald,NO,62.58,6.12,37.4,69,0,12.75
1552678370,Srednekolymsk,RU,67.46,153.71,-14.14,64,80,3.38
1552678371,Touros,BR,-5.2,-35.46,81.27,86,80,11.32
1552676400,Normandin,CA,48.84,-72.53,46.4,65,20,19.46
1552678374,Lashio,MM,22.93,97.75,60.3,89,0,1.59
1552678375,Ossora,RU,59.24,163.07,-11.98,94,0,5.39
1552678376,Tual,ID,-5.67,132.75,81.94,100,32,6.51
1552676400,Manaure,CO,11.78,-72.45,82.4,74,20,18.34
1552678206,San Cristobal,EC,-0.39,-78.55,75.2,36,75,12.75
1552678217,Ternovskaya,RU,45.86,40.4,43.0,10,68,6.51
1552678164,Margarita,IT,44.4,7.68,57.0,66,0,4.7
1552678382,Waingapu,ID,-9.65,120.26,73.26,100,92,3.71
1552678384,Taoudenni,ML,22.68,-3.98,68.26,13,0,9.75
1552678214,Marion,US,38.35,-97.02,50.0,27,1,18.34
1552675800,Berlevag,NO,70.86,29.09,30.2,80,75,21.92
1552676400,Dingzhou,CN,38.51,115.0,41.0,44,0,8.95
1552678390,Solnechnyy,RU,50.72,136.64,13.68,84,32,2.59
1552678391,Tchollire,CM,8.4,14.17,80.55,63,64,3.04
1552678393,Shache,CN,38.42,77.24,29.74,76,0,2.59
1552678394,Neftcala,AZ,39.37,49.25,45.36,97,0,7.18
1552678303,Bonavista,CA,48.65,-53.11,30.0,86,44,8.01
1552678397,Balkanabat,TM,39.51,54.36,49.95,96,92,3.27
1552676400,Winneba,GH,5.35,-0.62,84.2,74,0,10.29
1552678399,Goldap,PL,54.31,22.3,39.69,96,92,11.43
1552678400,Jati,PK,24.35,68.27,64.12,47,0,9.75
1552678402,Sebinkarahisar,TR,40.29,38.42,34.92,99,76,1.92
1552678404,Zyryanka,RU,65.73,150.89,-14.14,64,48,3.49
1552678405,Patacamaya,BO,-17.23,-67.92,57.46,73,0,9.75
1552678406,Mananjary,MG,-19.16,46.8,63.0,98,92,3.04
1552676400,Miquelon,PM,47.1,-56.38,33.8,86,0,11.41
1552678409,Dong Hoi,VN,17.48,106.6,73.8,100,100,8.08
1552676400,Paso de los Toros,UY,-32.81,-56.52,82.4,58,75,5.82
1552676400,Muisne,EC,0.61,-80.02,82.4,88,75,8.05
1552678092,Vila Velha,BR,-3.71,-38.6,81.0,87,12,17.0
1552678415,Namibe,AO,-15.19,12.15,80.14,97,20,4.94
1552672800,Neuquen,AR,-38.95,-68.06,69.8,37,40,2.24
1552678418,Maningrida,AU,-12.05,134.23,79.83,88,12,3.38
1552676400,Petropavlovsk-Kamchatskiy,RU,53.05,158.65,12.2,72,75,6.71
1552678421,Lamu,ID,0.57,122.3,70.29,100,24,3.38
1552678422,Karasburg,NA,-28.01,18.75,78.79,37,0,11.77
1552678346,Keuruu,FI,62.26,24.71,34.0,94,90,6.93
1552678417,Anchorage,US,61.22,-149.89,37.0,80,90,4.7
1552676400,Alofi,NU,-19.06,-169.92,77.0,94,75,3.36
1552678430,Faridpur,IN,28.21,79.54,61.24,65,0,8.63
1552678394,Itoman,JP,26.12,127.67,64.4,45,75,17.22
1552675800,Manbij,SY,36.53,37.96,46.4,87,75,8.05
1552678348,Muros,ES,42.77,-9.06,57.99,81,0,5.82
1552678435,Wamba,CD,2.14,27.99,80.59,47,8,4.38
1552676400,Antofagasta,CL,-23.65,-70.4,69.8,64,40,16.11
1552678437,Gamboma,CG,-1.87,15.88,72.0,95,24,7.52
1552678438,Yazman,SY,36.74,38.46,47.92,95,56,5.73
1552678243,Nata,CY,34.78,32.57,59.0,72,40,13.87
1552677420,Sioux Lookout,CA,50.1,-91.92,23.0,67,90,13.87
1552678442,Tshela,CD,-4.99,12.94,75.87,90,44,3.49
1552678214,Yabrud,SY,33.97,36.66,44.6,70,20,11.41
1552678444,Teknaf,BD,20.86,92.31,74.43,75,0,6.17
1552676400,Sao Gabriel da Cachoeira,BR,-0.13,-67.09,91.4,63,20,4.7
1552677047,Amapa,HN,15.09,-87.97,93.99,41,20,12.75
1552678448,Amudat,UG,1.95,34.95,70.2,58,0,7.74
1552678235,Ogulin,HR,45.27,15.22,52.0,66,20,3.36
1552676400,Popova,RS,43.33,21.27,42.8,70,0,3.04
1552678452,Sarkand,KZ,45.41,79.91,38.11,77,92,7.18
1552676400,Carazinho,BR,-28.3,-52.79,80.6,51,40,3.36
1552678455,Manta,RO,45.1,24.1,31.09,81,12,5.5
1552678206,La Mana,EC,-0.93,-79.22,59.0,72,75,8.05
1552677600,Ostersund,SE,63.18,14.64,28.4,92,75,3.36
1552676400,Gat,SN,14.69,-16.54,86.0,13,0,13.87
1552678461,Masallatah,LY,32.62,14.0,47.92,79,0,6.4
1552678462,Surt,LY,31.21,16.59,58.41,92,0,17.47
1552678463,Evensk,RU,61.92,159.24,-0.41,100,56,2.26
1552678465,Auki,NG,12.18,6.51,78.48,25,0,8.41
1552678466,Mitu,IR,36.2,46.09,35.32,87,56,5.84
1552678444,Hanna,CA,51.64,-111.93,35.01,68,88,8.01
1552678468,Ocotepec,MX,19.56,-97.65,55.66,89,92,2.37
1552678217,Fortuna,ES,38.18,-1.13,68.0,72,0,2.24
1552676100,Kralendijk,BQ,12.15,-68.27,84.2,66,20,19.46
1552678472,Celestun,MX,20.87,-90.4,83.02,86,0,10.65
1552676400,Megion,RU,61.04,76.11,33.8,87,90,4.47
1552678474,Lukulu,ZM,-14.38,23.24,69.52,84,24,2.93
1552678476,Nyimba,ZM,-14.56,30.81,78.12,65,24,2.71
1552677965,Catanzaro,IT,38.91,16.6,53.6,81,20,10.29
1552677512,Pirai,BR,-22.63,-43.9,89.6,70,40,11.41
1552676400,Katherine,AU,-14.47,132.26,77.0,88,75,5.82
1552678481,Touba,SN,14.86,-15.88,79.06,12,0,7.52
1552678205,Alexandria,US,31.31,-92.44,63.0,36,1,14.99
1552678444,Price,US,39.6,-110.81,39.0,51,1,5.82
1552678436,Boynton Beach,US,40.55,-74.25,75.2,50,40,11.41
1552678486,Nenjiang,CN,49.17,125.23,15.21,62,12,9.08
1552678489,Alamos,AR,-36.9,-62.36,69.21,90,88,6.4
1552678490,Smolenka,PL,54.15,22.76,38.43,94,92,13.89
1552676400,Clyde River,CA,70.47,-68.59,-14.81,83,20,5.82
1552678492,Lupiro,TZ,-8.39,36.67,77.49,61,0,6.85
1552676400,Kashan,IR,33.99,51.44,51.8,50,20,3.15
1552677600,Skjervoy,NO,70.03,20.97,28.4,79,75,9.17
1552678495,Bexhill,GB,50.84,0.47,53.01,93,92,19.46
1552678492,Morgan City,US,29.7,-91.21,59.0,54,90,6.93
1552675800,Siniscola,IT,40.57,9.69,59.0,67,20,16.11
1552678424,Palmer,AU,-34.85,139.16,66.99,76,0,6.93
1552678501,Yasnyy,RU,64.04,44.09,27.54,85,92,7.4
1552678503,Dodoma,TZ,-6.18,35.75,67.99,66,0,6.73
1552678310,Natchitoches,US,31.76,-93.09,62.6,33,1,12.75
1552678505,Asosa,ET,10.07,34.53,74.79,26,76,5.61
1552676400,Rio Gallegos,AR,-51.62,-69.22,66.2,39,75,21.92
1552678507,Heishan,CN,41.69,122.12,33.39,71,92,12.88
1552678509,Rondonopolis,BR,-16.46,-54.64,84.46,76,8,1.48
1552678324,Powell River,CA,49.84,-124.52,46.99,81,90,5.82
1552678511,Huarmey,PE,-10.07,-78.15,78.03,58,20,3.94
1552678513,Palauig,PH,15.44,119.9,70.83,100,0,4.16
1552678383,Westport,IE,53.8,-9.52,43.0,86,90,6.93
1552678514,Salinas,US,36.67,-121.66,68.0,58,1,3.94
1552678517,Porbandar,IN,21.64,69.61,72.27,48,0,12.21
1552676400,Alta Floresta,BR,-9.87,-56.08,84.2,70,20,6.93
1552678519,Naryan-Mar,RU,67.67,53.09,11.52,69,0,12.66
1552678323,Katsuyama,JP,36.06,136.5,37.4,93,75,4.7
1552676400,Swellendam,ZA,-34.02,20.44,73.4,88,0,13.87
1552678523,Provost,CA,52.35,-110.26,37.84,66,0,14.45
1552678524,Thinadhoo,MV,0.53,72.93,79.74,100,56,2.82
1552678526,Kysyl-Syr,RU,63.9,122.77,-12.11,57,20,2.59
1552678299,Kahului,US,20.89,-156.47,75.2,73,20,11.41
1552678528,Changtu,CN,42.78,124.11,25.83,67,92,8.41
1552678529,Manica,MZ,-18.94,32.88,66.46,100,92,3.15
1552678203,The Valley,AI,18.22,-63.06,82.99,57,40,12.75
1552678532,Xingyi,CN,24.19,102.82,62.28,59,0,7.96
1552676400,Vila do Maio,CV,15.13,-23.22,78.8,44,0,16.11
1552678534,Takoradi,GH,4.89,-1.75,83.7,97,0,7.18
1552678531,Miguel Auza,MX,24.29,-103.45,79.24,20,44,11.77
1552678537,Darhan,MN,49.49,105.92,19.8,67,0,2.93
1552678529,Avera,US,33.19,-82.53,82.4,61,90,10.29
1552678540,Senanga,ZM,-16.1,23.3,75.96,37,0,10.42
1552678541,Rongcheng,CN,37.16,122.42,31.41,84,64,9.98
1552678543,Jumla,NP,29.28,82.18,15.57,95,0,2.26
1552678479,Sistranda,NO,63.73,8.83,36.0,64,0,10.29
1552678546,Zhuanghe,CN,39.7,122.97,31.86,100,92,4.27
1552678543,Wanning,AT,48.64,13.53,50.0,87,75,20.8
1552678549,Nushki,PK,29.55,66.02,48.46,67,92,5.39
1552678410,Alpena,US,45.06,-83.43,39.2,74,90,11.41
1552675440,Acatic,MX,20.78,-102.91,82.4,15,5,6.93
1552678554,Ust-Karsk,RU,52.71,118.82,8.73,66,0,3.6
1552678555,Meulaboh,ID,4.14,96.13,78.34,100,0,3.71
1552678083,Markova,RU,52.21,104.21,28.99,100,0,2.24
1552678558,Jeremie,HT,18.65,-74.12,78.16,99,20,3.94
1552678519,Prince George,CA,53.92,-122.75,43.0,51,1,5.82
1552678561,Dodola,BF,10.12,-3.28,80.1,44,0,2.37
1552678562,Sisimiut,GL,66.94,-53.67,-6.22,83,0,1.7
1552678526,Kingman,US,35.19,-114.05,66.99,24,1,16.11
1552678565,Waddan,LY,29.16,16.14,49.23,59,0,5.95
1552678566,Verkh-Usugli,RU,52.7,115.17,15.03,63,0,5.73
1552676400,Jacareacanga,BR,-6.22,-57.76,95.0,53,20,8.05
1552678283,Hamilton,BM,32.3,-64.78,68.0,60,40,6.93
1552678390,Tautira,PF,-17.73,-149.15,84.2,74,75,4.7
1552678571,Tayturka,RU,52.87,103.46,21.6,77,0,3.71
1552678572,Quelimane,MZ,-17.88,36.89,79.56,89,64,11.65
1552678316,Emerald,AU,-23.53,148.16,69.8,100,90,16.11
1552678574,Ostrovnoy,RU,68.05,39.51,22.27,80,0,17.02
1552678575,Namwala,ZM,-15.75,26.45,79.69,48,0,11.77
1552678578,Oranjemund,ZA,-28.55,16.43,64.44,94,92,2.82
1552678208,Rosetown,CA,51.55,-107.99,36.0,75,0,5.01
1552678580,Lesnoy,RU,59.78,52.13,17.28,87,0,4.94
1552678413,Marienburg,DE,52.12,9.98,50.0,65,20,21.92
1552678583,Huangcun,CN,23.83,115.22,47.92,89,12,1.7
1552678584,Verkhoyansk,RU,67.55,133.39,-29.39,45,0,2.59
1552675800,Qaqortoq,GL,60.72,-46.03,21.2,57,75,1.12
1552676400,Astana,KZ,51.13,71.43,19.4,92,75,13.42
1552678323,Tateyama,JP,36.66,137.31,41.0,97,80,2.04
1552678449,Brewster,US,41.76,-70.08,60.8,87,90,23.04
1552678591,Libenge,CD,3.65,18.64,76.86,94,20,2.93
1552678564,Lardos,GR,36.09,28.02,57.0,87,40,8.05
1552678091,Pokrovskoye,RU,47.41,38.9,42.01,97,92,7.4
1552676400,Mayo,CA,63.59,-135.9,23.0,62,5,2.24
1552678444,Quatre Cocos,MU,-20.21,57.76,77.0,88,20,6.93
1552678597,Autazes,BR,-3.58,-59.13,93.33,45,12,7.96
1552676400,Maceio,BR,-9.67,-35.74,86.0,55,40,10.29
1552678583,Cascais,PT,38.7,-9.42,66.99,59,0,6.93
1552678601,Kangaba,ML,11.94,-8.41,80.01,31,0,7.63
1552678602,Metro,ID,-5.11,105.31,76.59,99,36,6.51
1552678545,Nara,JP,34.68,135.8,44.6,87,90,17.22
1552678605,Lanxi,CN,29.21,119.46,35.59,79,44,2.37
1552678273,Coos Bay,US,43.37,-124.22,55.99,76,1,2.04
1552678608,Sovetskiy,RU,56.76,48.47,15.52,68,48,7.4
1552678609,Hobyo,SO,5.35,48.53,79.2,84,100,11.43
1552678443,San Nicolas,HN,14.94,-88.33,88.83,40,0,2.71
1552678586,Winsum,NL,53.33,6.52,46.4,70,68,16.11
1552678613,Faanui,PF,-16.48,-151.75,83.02,100,12,4.72
1552678503,Beira,ES,43.2,-8.36,54.0,81,0,3.36
1552678590,Forbes,AU,-33.38,148.01,66.0,67,0,3.0
1552678617,Antalaha,MG,-14.9,50.28,76.05,92,44,6.85
1552676400,Nipawin,CA,53.36,-104.02,17.6,78,1,2.24
1552676400,Adrar,DZ,27.87,-0.29,73.4,13,0,16.11
1552678621,Turukhansk,RU,65.8,87.96,-5.63,55,0,5.61
1552678382,Tura,IN,25.52,90.21,65.43,82,92,4.38
1552678620,College,US,64.86,-147.8,42.01,58,1,8.05
1552678441,Lidkoping,SE,58.51,13.16,37.99,100,64,4.7
1552678243,Lasa,CY,34.92,32.53,59.0,72,40,13.87
1552678627,Port Lincoln,AU,-34.72,135.86,63.49,98,0,9.75
1552678626,Half Moon Bay,US,37.46,-122.43,66.99,51,1,6.93
1552678629,Smolensk,RU,54.79,32.05,32.17,84,20,16.8
1552678614,Merei,RO,45.13,26.68,46.0,62,0,1.99
1552672800,Segou,SN,12.41,-12.29,102.2,11,0,4.7
1552678300,Andros Town,BS,24.73,-77.79,78.8,54,40,9.17
1552678322,Young,UY,-32.7,-57.63,84.0,54,56,4.0
1552678636,Sorong,ID,-0.86,131.25,78.57,100,36,9.53
1552678638,Mahanoro,MG,-19.9,48.8,70.96,99,24,2.59
1552678639,Sao Jose da Coroa Grande,BR,-8.9,-35.15,80.64,83,24,8.19
1552678641,Katangli,RU,51.71,143.23,21.19,87,32,5.39
1552678642,Shubarshi,KZ,48.59,57.19,23.17,79,24,10.42
1552676400,Poum,MK,41.28,20.71,37.4,59,20,4.7
1552678645,Dunkwa,GH,5.97,-1.78,83.88,59,0,7.96
1552678390,Tiarei,PF,-17.53,-149.33,84.2,74,75,4.7
1552678540,Methoni,GR,36.82,21.7,52.0,66,20,22.84
1552678648,Bafoulabe,ML,13.81,-10.83,79.42,32,0,6.73
1552678623,Otorohanga,NZ,-38.18,175.2,63.0,29,48,3.94
1552678651,Urusha,RU,54.05,122.9,8.37,68,0,2.48
1552678248,Chaykovskiy,RU,56.77,54.11,21.99,76,76,2.82
1552672800,Isangel,VU,-19.55,169.27,75.2,94,76,2.24
1552678654,Krasnyy Chikoy,RU,50.36,108.75,31.5,84,56,3.15
1552678404,Ukiah,US,39.15,-123.21,66.99,41,1,2.37
1552678525,Regina,CA,50.45,-104.62,34.0,92,75,4.7
1552678659,Olkhovatka,UA,48.24,38.4,37.53,97,92,6.73
1552678660,Natal,BR,-5.81,-35.21,82.21,78,92,11.1
1552678223,Altamont,CA,49.4,-98.5,26.6,63,8,18.34
1552678663,Ambagarh Chauki,IN,20.78,80.75,68.76,78,0,8.63
1552678664,Gusev,RU,54.59,22.2,39.69,96,92,11.43
1552678665,Siukh,RU,43.41,46.6,34.42,92,8,1.7
1552678651,Galle,US,29.74,-97.91,61.0,30,90,18.34
1552678512,Ixtapa,MX,20.71,-105.21,78.8,69,40,11.41
1552678670,Aripuana,BR,-9.17,-60.63,84.78,76,44,2.82
1552676400,Bonnyville,CA,54.27,-110.74,35.6,55,20,8.05
1552678672,Abu Samrah,SY,35.3,37.18,48.78,93,8,6.96
1552676400,Aksu,KZ,52.04,76.93,30.2,86,75,8.95
1552678675,Sukhinichi,RU,54.1,35.35,30.42,93,92,10.2
1552677600,Floro,NO,61.6,5.03,39.2,86,75,10.29
1552676400,Puerto Ayacucho,CO,5.66,-67.63,98.6,39,40,2.24
1552678681,Yashkul,RU,46.17,45.34,37.71,63,92,12.88
1552676400,Prince Rupert,CA,54.32,-130.32,42.8,75,75,5.82
1552678683,Wanaka,NZ,-44.7,169.14,50.04,99,76,2.59
1552678658,Beder,HR,45.81,15.61,52.0,61,0,1.12
1552678686,Saryozek,KZ,44.36,77.98,33.21,78,92,1.36
1552678688,Goure,NE,13.98,10.27,84.78,17,88,13.33
1552678686,Chalmette,US,29.94,-89.96,61.0,58,90,5.82
1552675800,Chara,GR,39.42,22.43,46.4,81,20,4.16
1552678249,Kholmskaya,RU,44.85,38.39,46.0,93,75,4.47
1552678481,Bourg-en-Bresse,FR,46.21,5.22,53.6,71,75,8.05
1552678504,Dyersburg,US,36.03,-89.39,55.4,53,75,12.75
